"id","Mating"
7893121,0
8170087,0
32467978,0
21092414,1
29381774,0
3653766,0
3776204,1
23279870,0
33122942,0
7102083,0
277008,1
30883222,0
17291531,0
31681510,0
32722080,0
16668853,0
31139108,0
15816572,0
3683223,0
16228417,0
29687512,0
29273673,1
22671238,0
29493738,0
29485818,0
45600798,0
32051179,0
32661599,0
3795816,0
18112255,0
24563907,1
17366383,0
19269234,0
11568882,0
7907266,0
11949660,0
7182263,0
23520347,0
1859525,1
4984197,0
25775253,0
14116573,0
29271068,0
18001663,0
3071970,1
13603483,0
33937462,0
17005931,0
30365476,1
9988870,0
19749250,0
4454074,0
1745481,1
31949234,0
14893749,0
17142047,0
36349951,0
4682570,0
3271883,1
3726588,0
19336321,0
28633590,0
3891629,0
27715629,0
34433961,0
28535603,0
31493251,0
29661614,0
8627058,0
3944899,0
8782258,0
18696228,0
18823911,0
22441999,0
278464,0
13988098,0
33920637,0
2635108,0
29644737,0
29920836,0
17500637,0
4772797,0
16326339,0
24958737,0
29877958,0
10264835,0
15926280,0
9135486,0
24679906,0
24295333,0
15305500,0
14449930,0
15462492,0
8400456,0
7681139,0
30566577,0
12181897,0
26145247,0
34508226,0
11970979,0
6083028,0
6650128,0
24245466,0
32117983,0
20556956,0
10693663,0
7813851,0
7829275,0
8228041,0
33328443,0
918149,0
7388274,0
8553232,0
14803489,0
31998038,0
42797276,0
39780358,0
30699740,0
31704173,0
30636341,0
17435110,0
31567504,0
8661777,0
12128335,0
25937364,0
24043272,0
8627121,0
20168282,0
30152077,0
21229773,1
17724601,0
19749252,0
19723319,0
15087531,0
42211320,0
18168575,0
29783531,0
23054943,0
15026576,0
7709672,0
40846961,0
11180863,0
27302745,0
3697453,0
33186203,0
6387659,0
22346565,0
16562532,0
8286937,0
12362851,0
23665181,0
5840458,0
12204819,0
27787674,0
16696257,0
8303551,0
20768280,0
30059600,0
27333319,0
7720266,0
7557532,0
16072925,0
29662572,0
3135366,0
29931630,1
28391500,1
3431520,0
32901969,0
22270671,0
1721908,0
17656897,1
7178413,0
31226268,0
18419759,0
32349414,0
40260290,0
17135899,0
12110350,0
43025158,0
14647818,0
5843830,0
14149974,0
108851,0
34323730,1
37287722,0
7998581,0
24475542,0
16565720,0
11835581,0
9934920,0
33645098,0
16365369,0
12028804,1
9563881,0
32061826,0
31342947,0
15895494,1
23991084,0
31411516,0
8002567,0
13393878,0
43740609,0
9905573,0
15894738,1
34914882,0
7080584,0
11576423,0
34511114,0
28920655,0
31520184,0
27120038,0
41516448,0
4903491,0
32435103,0
32190478,0
41621740,0
20375029,0
4746074,0
17874961,0
1903916,0
3038246,0
6024167,0
31852974,0
7816984,0
40885153,0
33078442,0
27469282,0
26866609,0
8399077,0
4965128,0
2108101,0
29092718,0
42777377,0
20735371,0
29496173,1
5107433,1
25260498,0
3445774,0
16007924,0
31305681,0
31892697,0
32602053,0
5916143,0
30238875,0
31577444,0
33991389,0
7556332,0
14414141,0
7499203,0
27970609,0
9529462,0
26217556,0
6778363,0
2997245,0
13178802,1
4156533,0
20019867,0
325782,0
35349987,0
882424,0
26890638,0
31017033,1
19216739,1
7689169,0
33530093,0
11924703,0
2197058,0
16973206,0
33875808,0
22037622,0
16453496,0
6606311,0
29679160,0
33288669,0
33843022,0
17366234,0
45503594,0
7042047,0
33678361,0
16449598,1
28809520,0
30897961,1
42777378,0
41229755,0
15887171,0
5742743,1
430089,0
30131710,0
17602992,0
39936419,0
8761442,0
37014538,0
4514652,0
10793597,0
11513645,0
26510972,0
2407630,0
4045616,1
45303578,0
17676792,0
15575833,0
24968620,0
29558700,0
16505967,0
32020619,0
5740768,0
31970778,0
37224170,0
32132715,0
6827931,0
34689260,0
29784902,0
1928381,0
34734562,0
13655892,1
31553059,0
27910988,0
33486360,0
29826639,1
33665940,0
33269996,0
28552154,0
16668834,0
16385955,0
18173244,0
29333011,0
7309358,0
41784959,0
7348842,0
32994694,0
16973592,0
7023638,0
29887967,1
33570424,0
37549961,0
32759784,0
7864071,0
9271927,0
23785263,0
1188935,0
32216764,0
28428020,0
35311943,0
5833110,0
1900487,0
36307129,0
37548937,0
33065606,0
12346044,0
9117934,0
19158128,0
26412247,1
24562888,1
831585,1
17848073,0
7421288,0
35400956,0
28423125,0
28706078,0
22743463,1
4775024,0
33909852,0
4029546,0
12112263,0
5264379,0
4013357,0
16537163,0
3060272,0
27335457,0
16801595,0
30358948,0
4245541,0
14264627,0
29606564,0
40061622,0
6821911,0
31148942,0
7152814,0
15739527,0
34394967,0
17223542,0
34411247,0
14345284,0
33816236,1
9341288,0
16795106,0
33142905,0
34188952,0
5835957,0
16527280,0
4138886,0
41929375,0
34891911,0
21523996,0
14862003,0
7791943,0
32363617,0
15539937,0
27513420,0
33012312,0
27989223,0
12170965,0
29536045,0
5773250,0
451214,1
17255884,0
29281692,0
31466783,1
13909534,0
45049958,0
1023336,0
30961278,0
12097520,1
17218359,0
7582455,0
408106,1
16713917,0
31701961,0
36412395,0
3875563,0
7966333,1
17880386,0
7744153,1
29185070,0
13262059,0
29311366,1
7557072,0
17000630,0
8872693,0
7808248,0
2098613,0
4045596,0
17173261,0
42468625,0
18391734,0
407840,0
27387617,0
32546340,0
32125608,0
5870623,0
16760811,0
6831780,0
1636379,0
27911919,0
34182785,0
32625101,0
6244072,0
30929443,0
10477346,0
42512819,0
31725240,1
30997712,0
5939020,0
8588286,0
15897337,0
18714403,0
31093318,0
7755110,0
30578911,0
34168142,0
29302533,0
16489989,0
3835160,0
44889868,1
6147058,0
3649637,0
2196828,0
33432046,0
38982990,0
4838573,0
34536924,0
31612245,0
8109666,0
30244190,0
6897152,0
28904697,0
36905255,0
15020916,0
18320857,0
39655447,0
15378245,0
15334547,0
31182225,0
17043084,0
4200923,0
33544634,0
7101951,0
33543741,0
10219727,0
31916448,0
10190110,1
4063656,1
31022571,0
30972699,0
33793497,0
12932566,0
15760139,0
31150819,0
14727768,1
34228223,0
31735893,0
32309989,0
29299416,1
15767878,0
8211545,0
7293261,0
14983182,0
10465080,0
28330393,1
14476328,0
17419069,0
21057010,0
2009832,0
4104877,0
4040674,0
32712743,0
45333270,0
8603019,0
32568558,0
17043977,0
26939171,0
31774,0
33378475,0
29955022,0
33337970,0
2938435,0
8206238,0
40968813,1
30198755,0
35630360,0
3234626,0
4745035,0
6735261,0
36656979,1
28479075,0
8333510,0
29565293,0
31178676,0
16257930,0
1972188,1
6153964,0
28173463,0
16793477,0
39778314,0
6908144,0
34982208,0
44084989,0
15784161,0
19864467,0
3759892,0
4063021,0
14109995,1
32031292,1
29353291,0
42433705,0
15559782,0
8603531,0
13204378,0
35286981,0
7541972,0
33402509,0
31929080,0
16191499,0
13231701,0
33890056,0
12520944,0
35072621,0
32003754,0
31059549,0
2928406,1
32139659,0
30362786,0
11595419,0
7478356,0
31866841,0
32428566,0
26837281,0
40857719,0
15630093,0
425764,0
31760021,0
1067928,0
15766026,0
31704172,0
17128832,0
44147308,0
9818870,0
29380646,0
38001453,1
16292248,0
37077217,0
17325692,0
6468283,0
34372474,0
8528639,0
37160731,0
17128940,0
35117774,0
15855124,0
4470238,0
33241448,0
8934316,0
31865724,0
31985855,0
16339291,0
31998211,0
20301151,0
3518536,0
30108435,0
43458270,0
7126774,0
31316793,0
30965059,0
8309266,0
501474,1
27436393,0
36039210,0
34282943,0
28824872,0
25667377,0
35530455,0
23747906,0
7877183,0
42284138,0
39020992,0
26865093,0
17377049,0
32029476,0
2909539,0
16362804,0
31448888,0
21719518,1
36541146,0
45082257,0
25011554,0
30550418,1
28410365,0
29665069,1
30050974,0
25973110,0
38183073,0
28137666,0
1621365,0
3864702,0
2015416,0
31681588,0
16970584,0
3628404,0
30821782,0
12911444,0
13912856,0
33704192,0
32907476,0
33569925,0
44929097,0
32731944,0
15523774,0
43824033,1
34300498,0
33852639,0
34931361,0
38983011,0
37205277,0
29608947,0
33336821,0
8270981,0
28036871,0
31673557,0
28085220,0
15783977,0
30104969,0
16659189,1
9963419,0
6471372,1
34661075,0
39456447,0
34231892,0
101712,0
8162833,0
1082087,0
32259928,0
11470526,0
14895716,0
1039039,0
42839649,0
25126,0
17425906,0
5485570,0
324079,0
7332442,0
34281951,0
8312449,0
375739,0
8681842,0
4496365,0
4086105,0
8726291,0
28521522,0
6435947,0
28509872,0
16269180,0
28880389,0
1893266,1
33686095,0
14575227,0
32437978,0
6539155,0
34250491,0
30346704,0
6829148,1
4302321,0
32597804,0
28910524,0
7649904,0
7510680,0
17518559,0
28237484,0
31332032,0
30618889,0
7824065,0
30373681,0
6481087,0
3878170,1
31319865,0
1274496,0
34465406,0
6381213,0
18381713,0
30362122,0
26191876,0
31323373,0
8337084,0
14743622,0
2820990,0
16228461,0
33287413,0
31864321,0
6391288,0
32010749,0
11185308,1
7771679,0
16682905,0
33704230,0
32673051,0
16496460,0
35039232,0
19318959,0
33222692,0
28312947,0
13595354,0
8326723,0
16557437,0
33123665,0
29827340,0
34937127,0
17323872,0
30748460,0
7524055,0
11415196,0
7933789,0
110385,0
45050164,0
43082503,0
28758291,0
7184726,0
4731248,0
35050762,0
30823205,0
28735940,0
16228351,0
28518140,0
42921764,0
7395175,0
9535744,0
18384499,0
32483358,0
346544,0
41278517,0
10317447,0
15453313,0
7420751,0
33449275,0
29569599,0
29489655,0
38409281,0
1923918,1
15723578,1
7206816,0
16752251,0
13627377,0
14435088,0
7826002,0
32857386,0
15626861,0
17423613,0
1636382,0
16829221,0
16800283,0
8111035,0
30294803,0
29526888,0
32723077,0
6293560,0
33460593,0
15090135,0
32839706,0
7922334,0
35386805,0
24219649,0
27807253,0
11408229,0
35096740,0
11775121,0
9004015,0
25411235,1
5847859,0
1059103,0
31090041,0
18787376,0
32656235,0
4036015,0
4200268,0
16821265,0
16911861,0
33739077,0
28517579,0
17680804,0
30397136,0
7156801,0
29192623,0
8027684,0
15874588,0
6002500,1
17391721,0
17000437,0
9740545,0
16755676,0
31787638,0
8138625,0
24969804,0
5882070,0
32369250,0
305940,0
44212194,1
33798717,0
15892686,0
30839434,0
14779111,0
34316701,0
38733407,0
3976658,0
42232498,0
32815180,0
24569678,1
31523925,1
32992798,0
14922689,0
29315172,0
5777252,0
44619304,0
31827061,0
32979552,0
31381000,0
16128335,0
44537356,0
8049735,0
44895827,1
27439379,0
7170603,1
12073680,1
2112435,0
31566987,1
18827470,0
33553882,0
22996578,0
9426962,0
29799853,0
23990767,1
19681963,0
34782140,0
1972405,0
8429476,1
30689590,0
7646525,0
7225731,0
32701113,0
5713813,1
8612420,0
3912215,0
10694110,0
17669118,0
18558136,0
8243188,0
2067914,0
38029197,0
16607491,0
3527183,0
15136406,0
32045913,0
17569116,0
31287125,0
42757381,0
20376967,0
8441311,0
34090280,0
18587159,0
16302813,0
16295871,0
28581427,1
6914725,0
17984731,0
44604414,0
31026716,0
33674415,0
33047134,0
4933261,0
35385585,0
31894027,0
31177441,0
14103992,1
29465585,1
37491830,0
31698188,0
31316442,0
1067935,0
7030635,0
9186121,0
4245646,0
31063157,0
33506388,0
3973309,0
37602675,0
30445668,0
20168279,0
31251329,0
3933406,0
8373491,0
8834471,0
14490717,0
8231398,0
8708684,0
34033743,0
29089360,1
6873057,0
16689833,0
15947256,0
32940058,0
1960109,0
32846518,0
24982950,0
2932853,1
30215162,0
5914428,0
15603018,0
3653926,0
30577539,1
23722706,1
6759483,1
25976630,0
7014298,0
14117587,0
22853163,0
5182578,0
33993121,1
8882113,0
19587128,0
249595,0
4526372,0
16882189,0
13864576,0
41857628,0
17996423,0
11688278,1
33444679,0
17511680,0
7820553,1
31691519,0
7835288,0
41043017,0
23866761,0
5781288,0
7887450,0
16638109,0
7764292,0
31640790,1
7471666,0
7461203,0
7177724,0
33755131,0
31878685,0
24997,0
7479585,0
33108782,0
34310625,0
32340560,0
13703878,0
17667577,0
2999833,1
10480693,1
16562367,0
9046155,0
8601924,0
18683368,0
42518560,0
8310402,0
32168491,0
3952012,0
8062018,0
24186426,1
33060562,0
17485132,0
21345908,0
17510459,0
33614248,0
14755631,0
16376706,0
3478620,0
9822641,0
8282894,0
9978771,0
31639233,0
33394266,0
6913018,0
14703212,0
7532192,0
41903325,0
34469978,0
31711084,0
32805043,1
28994943,1
31609904,0
16691590,0
11800892,0
28758482,0
31177641,0
28952091,0
31692388,0
16181998,0
6792481,0
44172693,0
33854935,0
18071341,0
37782173,0
15732136,0
8540153,0
32974047,0
33614584,0
34509947,0
35927460,0
31385492,0
22159649,0
5005645,0
17456760,0
32767618,0
7026954,0
6267151,0
22709184,0
16459560,0
7193133,0
3825147,0
12680626,0
12812717,0
7558084,0
33404207,0
6027817,1
32769426,0
9413663,0
7024889,0
32781611,0
29600109,1
35583914,0
29954988,0
29116808,0
16974118,0
8401558,0
28385581,0
33476228,0
17677918,0
17006578,0
35593722,0
450231,0
10627192,0
24900206,0
27380739,1
37374994,0
32236857,0
34885645,0
16117126,0
26059117,0
32577991,0
12017303,0
7175615,0
16209308,0
6034478,0
21157188,0
29721320,0
8215093,0
29514586,0
33396483,0
7213992,0
7656920,0
32430688,0
43247193,1
36532389,0
34224263,0
23893356,0
29744477,0
14283432,1
29644238,1
35669564,0
15356801,0
33922045,0
15026363,1
7191676,0
37430837,0
25270534,0
16258999,0
2985508,0
18428532,0
4225802,0
34383696,1
30154403,0
33891087,0
24945446,0
28971911,0
4020281,0
8787202,0
34320900,0
11868462,0
3698232,0
22430538,0
35437916,0
17756513,0
19591408,0
30710726,0
30635579,0
14318133,1
38817637,0
33089165,0
11886994,0
17117225,0
8473013,0
26649133,0
32924219,0
34825140,0
14738040,0
33789588,0
28515994,0
16216918,0
3847615,0
28904863,0
2856619,0
33965621,0
30041548,0
30374717,1
30832338,0
4277356,1
7684570,0
821298,0
4044885,0
7423483,1
4855162,0
27696635,0
29146397,0
24105325,0
31439275,0
6083125,1
27535440,0
8047191,0
31099089,1
13958424,0
16750189,0
8661458,0
30729679,1
16549494,0
16416113,0
12816843,0
34054999,0
8008665,0
7647113,0
34434594,0
30489137,1
19749247,1
293452,0
28515604,0
30569620,0
15249680,1
4534913,0
16324810,0
4487455,0
36535847,0
29917396,0
17035632,0
32144812,0
32676353,0
33664083,0
17463063,0
16919039,0
17666855,0
25131231,0
33481687,0
12888355,0
16678891,0
4025951,0
3517103,1
38099570,0
32591245,0
30107572,0
34161482,0
27693911,0
43971594,0
17360187,0
27165915,0
34706415,0
18682378,0
17323871,0
6363837,0
14903935,0
23847090,0
15301789,0
32274993,0
17660973,0
15843716,0
4246139,0
34501422,0
4034231,0
17136192,0
38835405,0
17569083,0
36536757,0
34271750,0
31761351,0
38414612,0
14960031,0
29646216,0
16924181,0
13871401,1
15149446,0
31074850,0
30281979,0
32039552,0
32565904,0
7690197,0
19089374,0
17773810,0
7699650,0
4118118,0
37729710,0
29446017,0
17635838,1
12499975,0
4412334,0
16665166,0
16931400,0
1050290,0
16162452,0
1568631,0
38103700,0
18899837,0
5687612,0
8978610,0
8140672,0
30375857,0
32296603,0
37131993,0
18529280,0
31241808,0
16696242,0
11538469,0
34262675,0
14320614,0
31499249,0
24280713,0
16574638,0
7986260,0
29408275,1
7839072,1
12100216,0
8507276,0
31529092,0
15964034,0
16795885,0
7792149,0
18006754,0
26983540,0
27439441,0
15459434,1
33867971,0
1989112,0
7682674,0
16847035,0
7006907,0
23270788,0
7887451,0
37801112,0
25754773,0
32805013,0
32591952,0
7593775,0
16567773,0
7685691,0
5812845,1
27155976,0
4421122,0
7030641,0
29483110,0
26270694,0
17046526,1
1864314,1
401861,0
33982520,0
17698906,0
31256531,1
7638494,0
30949794,0
14720149,0
20708489,0
32475291,0
11910555,0
8579469,0
1845865,0
16555222,0
6591725,0
2105963,0
5543285,0
16333463,1
16530238,0
16944619,0
8416547,0
33156476,0
4209014,0
18109584,0
17870648,0
6476974,0
5793952,0
31699471,0
29950184,1
16760373,0
1589848,0
15387167,0
33103448,0
19232273,0
16337157,0
41577202,0
32316526,0
33444425,0
34125218,0
17196547,0
43431807,0
31691883,0
5749990,0
4040382,0
35525716,0
16626093,0
17314264,0
11858325,1
33042941,0
29911279,0
32792560,0
3706679,0
33440448,0
31411775,1
33355169,0
30202151,0
7362524,0
1261212,0
29545430,0
5972925,1
32615319,0
35982376,0
16574131,0
27324894,0
29286416,1
42126806,1
8310713,0
7948400,0
19969628,0
33898550,0
3694477,0
4957439,0
33651777,0
7846560,0
33842998,0
12906038,0
19336639,0
22607960,0
32829727,0
15168057,0
10426328,0
16872767,0
17401650,1
8435552,0
30759823,0
33646263,0
16999823,0
32983832,0
23021448,0
1909967,0
4176639,0
28852665,0
16333934,1
33127771,0
14271328,0
26524932,0
7460946,0
31469460,0
15992508,0
31952048,1
16889777,0
36707934,0
35217447,0
6436926,0
24598039,0
3073816,0
16492255,0
8524687,0
16948818,0
14706613,0
18410796,0
33619423,0
44066643,0
45223919,0
10742833,0
15945873,0
5786281,0
32340674,0
13202445,0
9140823,0
12222509,0
32272998,0
32734977,0
29146060,0
33229699,0
7776325,0
15539905,0
39527479,0
1828678,1
7869549,0
30049653,0
29331720,0
32161804,0
6225233,0
15831903,0
4151650,0
8177885,0
16450935,0
7162006,0
17516234,0
29992305,0
1833099,0
7325778,0
29508735,0
29853141,0
31559187,0
16549431,0
31257550,0
9865014,0
7276441,0
43172269,0
16140132,0
37205280,0
14561489,1
30435585,0
14248168,0
17035763,0
33971709,0
16593457,0
362119,0
32795281,0
2998858,1
8016748,0
33502203,0
8003859,0
15818140,0
43385363,0
18912977,0
42098770,0
31800761,0
25817116,0
3948255,0
42525802,0
16875130,0
32361867,1
43681402,0
7755920,0
8415220,0
4763649,0
31540979,0
29622311,0
27818533,0
41136739,1
33700301,0
32105744,0
17249840,0
7833956,0
29283088,1
16859183,0
32255685,0
3951053,0
31704889,0
20214231,0
28146919,1
44159701,0
17515450,0
382481,0
16833082,0
16620928,0
26882521,0
42433189,0
7491691,0
32583007,0
35746257,0
16974050,0
41200398,0
42530831,1
37407596,0
35329792,0
17488061,0
13246356,0
7294845,0
6899542,1
31578439,0
3192149,0
32713569,0
31514706,0
17466523,0
29091658,0
31765315,0
3764693,0
30061315,0
28999203,0
17395292,0
5693410,1
3836888,0
30971051,0
36189581,0
35455025,0
34927556,0
7352853,0
7448202,0
33702278,0
16213965,0
7421731,0
33914786,0
28646753,0
8586425,0
6490267,0
8313157,0
18458600,0
11871677,0
5917071,1
15078024,0
3447205,0
27735346,0
17352273,0
31559557,0
17000417,0
3231665,1
29792133,0
27715381,0
7803853,1
30059853,0
9765133,0
20167635,1
764415,0
7122731,0
25089749,1
11538423,0
33484523,0
28126962,0
17604082,0
16031864,0
4195054,0
15187607,0
4219001,0
27639555,0
31590260,0
23811427,0
26507268,0
33429153,0
14053196,0
22694037,0
12459089,0
18058564,0
32640491,0
15334575,0
533699,0
25899266,0
29631015,0
8233878,0
1991577,0
15850711,0
11369876,0
36504781,0
31759852,0
43181128,0
14846785,0
31159583,0
31567339,0
28144140,0
32675088,0
38312096,0
31149194,0
8336495,0
36407977,0
32290528,0
14896730,0
26647144,0
31867495,0
8191079,0
16048738,0
3752110,1
9141492,0
30010398,0
16601546,1
1965225,0
29472063,0
21069727,1
17220725,0
16102145,0
26689958,0
30766766,1
33453182,0
5703105,0
33037066,1
18721073,0
32967245,0
3973334,0
32508272,0
4652298,0
871134,0
30120021,0
6425625,0
17331126,0
32427070,0
1633190,0
14475160,0
32246837,0
32304460,0
36193796,0
7759454,0
1819910,0
17017047,1
31343581,0
15988868,0
5773049,0
29111698,0
16186531,0
32414970,0
17033034,0
8223079,0
8175869,0
43320445,0
40759010,0
10659121,1
31619316,0
16193969,0
17978732,0
16228389,0
32709944,0
17012512,0
34211516,0
8294623,0
5699570,0
11685335,0
19929233,0
11956374,0
9985290,0
11568903,0
33135973,0
33430435,0
12992115,0
32161659,0
15391140,1
2957636,0
44849293,0
8419203,0
32361903,0
32781088,0
32888618,0
6743722,0
33926082,0
8136870,0
4461331,1
31311571,0
11404528,0
34378169,0
4205928,0
16070486,0
2019748,0
3944705,1
39870754,0
17213263,0
113118,0
27334071,1
33733958,0
4888042,0
28651530,0
28437832,0
1862266,0
28118892,0
8093720,0
8059238,0
33967024,0
17034109,0
1507798,0
39656920,0
3399448,0
33484203,0
1341739,0
32756740,0
20453087,0
7930135,0
32349817,0
874991,0
5735469,0
4497207,0
12041325,0
31475213,0
33633405,0
33435646,0
29659214,0
30663310,0
32894416,0
33976634,0
10572765,0
30118555,0
31015622,1
3823867,0
17502708,0
24644488,0
33535527,0
8036602,0
270932,0
33529309,0
17973668,0
28729702,0
42681799,0
16132601,0
34386124,0
7828161,0
17848077,0
5550173,0
27777555,0
34335725,0
136604,0
18268636,0
22300484,0
7223387,0
41057069,0
25137696,0
3885351,0
11807562,0
17611664,0
426678,0
799367,1
16612780,0
31494558,0
6912523,1
13781691,0
7111390,0
15801926,0
35476878,0
31373693,0
8760836,0
16274906,0
17999750,0
42771010,0
8616094,0
17748881,0
5679104,0
3022884,0
7292800,0
29495857,0
32111696,0
45651323,0
17444162,0
29168598,0
17788920,0
33393995,0
3947117,0
29412357,0
28169560,0
18352329,0
6211640,0
35831201,0
19387304,0
14837766,1
17939408,0
28763222,0
33495697,0
31348779,0
33483310,0
17012893,0
29474877,0
14541642,0
30291910,0
15190839,0
33712405,0
20206660,0
37281810,0
3023003,1
16570912,0
8013797,0
14718494,0
6794997,0
31946607,0
30457412,0
16468439,0
33763013,0
34531549,0
283637,0
28181733,0
8715650,0
16018269,0
5564347,0
34837531,0
34654518,0
32038209,1
22112369,0
32236941,0
17461632,0
21891634,0
6696784,0
26331621,0
34020595,0
6220627,0
8392718,0
30659632,1
3813931,0
17513452,0
30136280,0
8540172,0
6532432,0
1745067,0
39931251,0
5997682,0
23938793,0
13031748,0
29183394,0
24866739,0
1067933,0
3826837,0
32394134,0
6177874,0
42215298,1
23239033,0
31669444,0
15832590,1
20838449,0
6456199,0
31671551,0
8054605,0
33633085,0
23848730,0
3619847,0
15454377,0
3944901,1
30219936,1
16551421,0
40851030,0
34362754,0
7929196,0
7493922,1
33556332,0
4757333,0
5720281,1
6082850,0
7368899,0
3173601,0
9686296,0
30899333,0
32184931,0
11817344,0
7660376,0
36642195,0
17139602,0
8118909,0
8607339,0
3015855,1
17297928,0
37628112,0
29309862,0
29784868,0
29358590,0
42995853,0
19355712,0
8653472,0
42486748,0
423325,0
34143756,0
7405064,0
43659010,0
17228451,0
32300899,0
16332821,1
3326592,0
32140221,0
16236176,0
4144314,0
4742892,0
29218276,0
41065560,0
33032323,0
32175773,0
29065706,1
14738379,0
6409056,1
36174355,0
26426643,0
8206498,0
15826173,0
29380796,1
29671811,0
41469599,0
4671600,0
33125875,0
34648482,0
7713892,0
29813101,1
38800688,0
26347610,0
34366126,0
33954908,0
31009945,0
35061016,0
4939512,1
35719670,0
17138175,0
27989947,0
31140441,0
27775353,0
24330427,0
32471674,0
8704371,0
1404291,0
34557125,0
33400140,0
11804761,0
31699467,0
8140394,0
11693389,0
11953273,0
37111084,0
31537710,1
33277302,0
23358179,1
16725979,0
31551749,0
38719793,0
33869676,0
8397223,0
38128245,0
36325434,0
28905285,0
3732320,0
2309595,0
4387518,0
18039858,0
6961312,1
11681842,1
7625697,0
27393345,0
26562786,0
4297222,0
4042958,0
8436217,0
9926995,0
34457109,0
29654883,0
8380816,0
26352274,0
7173424,0
32548598,0
7649478,0
5807073,0
17850039,0
1920195,0
16689154,0
164779,0
15522053,0
4404523,0
44438160,0
3068945,0
17569097,0
21622441,0
11585526,1
23268591,0
29288541,1
11577963,1
16459140,0
16764182,0
11850636,0
28303105,0
29856802,0
34969597,0
6106658,1
16537981,0
31151674,0
4342220,0
17569077,0
27994726,0
4086446,0
19441143,0
19632366,0
5698633,0
26525431,0
15683717,0
14215640,0
4739301,0
17727370,0
21356916,0
32411653,0
34170108,0
7796082,1
18410852,0
14150827,0
7503556,0
393057,0
35442633,0
17068877,0
23015039,0
16904024,0
18497911,0
24523962,0
29172217,0
33756837,0
25243861,0
18281966,0
7818995,0
7696670,0
6557758,0
34168822,0
12906229,0
28343158,0
12117712,1
30338604,0
17128994,0
32849552,0
17996170,0
34103256,0
33864430,0
22634035,0
7634158,0
23489849,1
29866907,0
7299652,1
6607372,0
9351238,0
7437572,0
915664,0
17259249,0
16908734,0
33231316,0
4277350,0
7846199,0
7720369,0
45224601,0
149386,0
1019615,0
28880513,0
32357530,0
20700869,0
16690108,0
40104941,0
30262239,0
3954653,0
14894521,0
34519595,0
8897998,0
10252543,0
33042608,0
34390401,0
32872577,0
32770191,0
15814158,0
22348813,0
8416179,0
6069382,1
16296503,0
24557961,0
19700101,0
31327017,1
16918007,0
4020029,0
29684984,0
45528219,1
40335086,0
31921893,0
18384718,0
20726209,0
9787123,1
18838872,0
14755527,0
25031238,0
17608080,0
748874,0
11481404,0
779330,0
25224005,0
7154979,0
5651439,0
4611527,0
3823894,0
12407410,0
29957073,1
18530785,0
26366368,1
16721166,1
18097397,0
10386648,0
4041817,0
3871552,0
14321860,0
16010492,0
15945067,0
25479408,0
4079135,0
29277292,0
26216131,0
42485968,0
27700129,1
5469353,0
17801523,0
6328918,0
7144087,0
6099564,0
30359926,0
16369518,0
7053135,0
8360676,0
16847367,0
15800391,0
33222276,0
16319704,0
12111815,0
16365473,0
29011336,0
32694882,0
8864228,1
28164278,0
23534991,0
29676276,1
16320229,0
29721018,0
41852285,0
43202161,0
23300852,0
18027785,0
18521544,0
32273183,0
31475163,0
14071887,0
5634330,0
3823424,0
34606561,0
29921276,0
10025247,0
6956813,0
17854255,0
17129032,0
43993257,0
12743077,0
778994,0
8161308,0
40715121,1
34314661,0
35349186,0
16453500,0
43118847,0
4103764,0
7839258,1
28004907,0
17143060,1
40256603,1
18193245,0
9815328,0
2308816,1
30601259,0
35954061,0
3839782,0
34222939,0
35741058,0
17190111,0
16751917,0
32787278,0
5700802,0
4113407,0
3810229,0
270950,0
6209032,0
7705447,0
32970202,0
29716093,0
17269400,0
21881408,0
23420966,0
22736637,0
31370773,0
16078252,0
11743679,1
7051020,0
5930057,1
7937659,1
15926281,0
28260848,0
3865533,1
20191191,0
25211625,0
16616321,0
32144894,0
13467184,0
8489981,0
533770,0
17067512,0
5699136,0
37708799,0
30722084,1
9534779,1
33074127,0
30099011,1
32843126,0
15932669,0
31618207,0
24136726,1
39656952,0
16833128,0
35640171,0
31704171,0
12486785,0
15591301,1
33544400,0
7649611,0
433854,0
11950561,0
7390704,0
24745215,0
10393286,0
33524737,0
24082928,0
38224834,0
33446381,0
398116,0
33034029,0
17570479,0
7887449,0
33244052,0
15986072,0
31281707,0
17176656,0
9267628,0
4933780,0
34137090,0
7450423,0
15180142,1
32648746,0
1806387,0
5883801,1
9310519,1
33201946,0
8081963,0
8089638,0
32310335,0
3987072,0
42172263,0
29648210,0
13625644,1
43887051,0
32334791,0
33265175,0
4260122,0
17765977,0
34335754,0
3116914,0
34310466,0
4489453,0
4755212,0
18346867,0
7083595,0
3808561,0
3961816,0
8407204,0
17499478,0
3650025,0
29246266,0
4135505,0
32122836,0
7425768,0
10226380,0
30364683,0
8320192,0
15588203,0
3127418,0
31474607,0
29506179,0
12001450,0
28735,0
8770689,0
5668138,0
14631973,0
34370183,0
30474518,0
34561127,0
33314809,0
26679111,0
31021974,1
44828082,0
1451994,0
31796654,0
30480538,0
29016260,0
319637,1
3824738,0
34005918,0
2492074,0
852536,0
31485959,0
29784664,0
3625478,0
3628461,1
5767154,0
30139910,0
365716,0
15891782,0
11631570,0
19613500,1
15755216,1
17290163,0
8332216,0
34266539,0
31949715,0
30947797,0
14723068,0
4238750,0
27398184,0
17172504,0
29549305,0
12236853,0
7374617,0
16206541,0
8083737,0
24182417,0
13811425,0
22125835,1
29925722,0
15944520,0
29192663,0
6000490,1
32102922,0
5800479,0
4063781,0
18591612,0
18357902,0
29577064,0
7124968,0
37404249,0
17201163,0
17000813,0
32478408,0
4584536,0
18007283,0
31698422,0
31411239,0
17226989,0
15422273,0
15427650,0
4523681,0
32369300,0
8743347,0
10494420,0
32406278,0
25351835,1
5925760,0
24042648,0
29330484,0
14426384,0
8771805,0
7821921,0
32028377,0
16339303,1
16406077,0
16849184,0
34937769,0
32000522,0
14061136,0
30946603,0
33559439,0
15625720,0
25644529,0
30364529,0
18380471,0
27035533,0
30395912,0
7856679,0
34646809,0
36634758,0
30876199,1
30362261,1
5005681,0
5537718,0
8271269,0
8062530,0
5801983,0
42767261,0
35484057,0
7193491,0
8728092,0
27099905,0
32829872,0
31492835,0
17569038,0
43783874,0
34322337,0
30783584,0
30598087,0
23976087,1
32596651,0
5293846,0
12922916,0
24905671,1
19749254,0
14119799,0
3020408,0
34661074,0
29730799,0
32700479,0
30479890,0
18404237,0
8041630,0
16431658,0
7286224,1
8817692,0
31645849,0
21098543,0
44382238,1
36300533,0
24350709,0
18922433,0
7861658,0
5796113,0
27728563,1
32906354,0
10190403,0
22678708,0
9019581,0
8016876,0
8015573,0
4323846,0
6968143,1
32710248,0
41014899,0
16359111,0
8659255,0
7736679,0
30568170,0
30074912,0
30959574,1
4092769,0
16728581,0
29956334,0
4481417,0
16374610,0
9214006,0
10107594,0
3986735,0
8090764,0
31667498,0
32238336,0
33176771,0
31201610,0
16856930,0
30135980,0
8087499,1
11771568,0
8103184,0
33722814,0
3582802,0
11709243,0
33556453,0
36028942,0
28177776,0
1709875,1
35347245,0
15795473,0
18395477,0
35669516,0
32222185,0
16268261,0
29381620,0
16237484,1
27553937,0
34205788,0
5870380,0
31435014,1
29944194,0
24934285,0
44811797,1
7595962,0
17000581,0
17005925,0
7546504,0
14330712,0
34308149,0
25868983,0
24456533,0
3846785,0
14593056,0
34937792,0
16999417,0
16388957,0
4124132,0
33500722,0
3761009,0
1839867,0
34782575,0
3955493,0
9130739,0
36427248,0
13587111,0
31021819,1
16679546,0
31914212,0
33402387,0
10765112,0
7287546,0
30198207,0
21824275,0
18128989,0
28635714,0
7493832,0
2536787,0
28897232,0
29663072,0
30785682,1
16983256,0
1972515,0
13027356,0
15190003,0
22322550,0
16267720,0
38609848,0
12883366,0
32074099,0
27423273,0
32558827,0
3978056,0
34829893,0
4019760,0
9567789,0
41861689,1
34263376,0
31998192,0
35195477,0
32875051,0
33817375,0
24604444,0
18321568,0
32480619,0
7232150,0
8789622,0
31513525,0
17611676,0
32602431,0
5498734,0
41659467,0
8974258,0
4213502,0
8223484,0
33398095,0
24482187,0
30156444,0
30279802,0
4776722,0
34200035,0
17104468,0
7376606,0
9647377,0
31735916,0
15950794,0
34784581,0
31993275,0
26414056,0
5704962,0
5710716,0
6013294,0
24609741,0
24741693,0
3434117,1
17092805,0
34642225,0
15950228,1
21578585,0
6449161,0
31676175,0
29595896,0
10534368,0
33604001,0
7142260,0
21204225,0
19749030,0
16795560,0
30783638,0
3499845,0
121081,0
30199214,0
17128828,0
25584527,0
22149441,0
30592569,0
29828990,1
15786173,0
33328270,0
16173304,0
24815666,0
18658305,0
33502631,0
12584776,0
44784941,0
12160495,0
32636147,0
29392268,0
31342575,0
3038213,0
1864317,0
30707435,0
33076898,0
33311437,0
31894673,0
19281818,0
16367237,0
43436887,1
8261628,0
5986459,0
42532155,0
34219260,0
400811,0
3741800,0
420361,0
30998581,0
8030097,0
28878434,0
32056954,1
30406964,0
34039311,0
29333097,1
23456710,0
30662490,0
30500672,1
4292051,0
3303992,0
7742082,0
394934,0
1786918,0
29276135,1
17830467,0
3705102,0
29925820,0
32125910,0
9491015,0
17762210,0
33323971,0
7053147,0
865897,0
2345638,0
16769816,0
6505395,1
31384978,0
8644036,0
17264488,0
8918382,0
27105,1
8044451,0
17476652,0
17128099,0
16795736,1
32842948,0
28285948,0
33191918,0
30318957,1
31795902,0
8582493,0
1546589,0
7419200,1
25887632,0
25169832,0
29524824,0
15145361,0
8267923,0
40687783,0
32133916,0
44564421,0
26513632,0
12487642,0
16445618,0
31504946,0
1024274,0
16798991,0
38128634,1
17117231,0
32865387,0
8630062,0
27833420,0
33457183,0
11717855,0
18403941,0
19912643,0
16930820,0
15802949,0
23530633,0
33453789,0
7751056,0
32038226,0
1954738,0
8579971,0
7577214,0
29718898,0
7469940,0
40987263,0
8187229,0
7370233,0
15783804,0
8410138,0
34079986,0
4186299,0
15756624,0
30929048,1
34888460,0
14196607,0
12113677,0
17000961,0
30407097,0
43465697,0
5999814,0
31074528,0
36239333,0
29210627,0
21342524,0
8064382,0
8496533,0
16553113,0
413233,0
29870125,0
29734206,0
29007373,0
4776868,0
16689859,0
9237064,0
29259813,0
17721559,0
44308539,0
24214785,0
14806611,0
33098885,0
33169757,0
32061823,0
34182827,0
8716946,0
30067656,0
17128103,0
19749251,0
29649683,1
44080126,0
33536340,0
31639742,0
1937818,0
9212306,0
32872700,0
27439866,0
33494640,0
35204928,0
17128921,0
10203246,0
34229832,0
3599133,0
7394154,0
34304259,0
3838876,0
30973534,0
31614445,0
31684340,0
2987111,0
24971717,0
32564480,0
14691241,1
33867181,0
33666359,0
11429066,0
33489024,0
5863392,0
29757802,0
16294561,0
34018436,0
785901,0
31242594,0
12822706,0
8752148,0
6389340,0
7581076,0
31369643,0
16623008,0
8483585,0
26676749,0
27525777,0
32797039,0
34037179,0
14771753,1
18659995,0
32922547,0
2113778,0
33663040,0
27590879,0
15864450,0
3031802,0
4458879,0
365720,0
32495563,0
19122776,0
16181766,0
38981145,0
1377647,1
3042234,0
6891419,0
30202732,0
13521651,0
8109321,0
16507069,1
758061,0
31369186,1
31815310,0
1733609,0
27874888,0
17788338,1
45446265,1
2778701,0
33479337,0
7435360,0
8254034,0
8173072,0
3327870,0
8466354,0
34218187,0
12110396,0
30180284,0
30368916,0
28293651,0
33503172,0
32355508,0
32891292,0
31017666,0
36628064,0
3032763,0
7840634,0
8743272,0
29344189,1
2975087,0
42146210,0
26751440,0
43293632,0
12606678,1
17856322,0
7188741,0
101903,0
16933446,0
5399316,0
33310924,0
15190992,0
31011173,0
24347694,1
7162394,0
32695814,0
41419014,0
11953344,0
7934767,0
31997056,0
32310138,0
27188649,0
33283766,0
40909971,0
12684670,1
23581429,0
4586074,0
33984620,0
7614566,0
4107568,0
14850861,0
33344734,0
29380690,0
32134381,0
45131747,0
45188672,0
33272300,0
7427862,0
6704459,0
32902410,0
34532692,0
1734853,0
3424545,0
15283992,0
7824505,0
30006972,0
15618273,0
32413467,0
1825519,0
28227491,0
10720985,1
27652167,0
4174177,0
3755507,1
26773997,0
32361814,0
30460993,1
6877762,0
8371813,0
30282190,1
30849087,0
20837992,0
16236389,0
25759627,0
32348841,0
29004223,0
7287302,0
6695800,0
31035209,0
45557901,0
16751660,1
24548472,0
3850246,0
32845719,0
7265066,0
17284548,0
31416741,0
32213637,0
15963815,1
6000746,0
6411405,0
4087003,0
29509733,0
5767203,0
7948667,0
21674230,0
24696898,0
11227147,0
24288450,0
16596799,0
29204072,0
30166749,1
1937507,0
30129669,1
28881136,0
33397108,0
17203500,1
37695731,0
32772723,0
36050794,0
7415154,0
31148025,0
32715976,0
2015418,0
23407798,0
16999768,0
28358681,0
6889494,0
44481753,0
17877630,0
25174166,0
31370502,0
29060173,0
34376201,0
32756921,0
23983067,0
27498065,1
33069381,0
30220631,1
25140575,0
30955837,1
31886578,0
2172116,0
5912998,1
10175636,0
33963265,0
17252596,0
33902218,0
14086168,0
16427155,0
16450549,0
140027,0
32772619,0
17006577,0
16603046,0
7167314,1
9159316,0
31050752,0
30774482,1
19969782,0
24667323,0
30451781,0
26964936,0
5277319,0
2015417,0
3901069,0
33656574,0
7394788,0
16340592,0
12341049,0
7222518,0
30100169,0
31764729,0
39363151,0
32462790,0
15300256,0
4496021,0
15428354,0
30151018,0
17003173,0
29673057,0
35858398,0
3598704,0
42333680,0
15986739,0
4450848,0
15463998,0
17216383,0
5086241,0
31384615,0
23777598,0
3507464,0
7967064,0
7476977,0
1635097,0
16436718,0
33478938,0
17105685,0
16346627,0
32109318,1
33449820,0
17432622,0
16245424,0
8137123,0
9731968,1
15200225,1
33084620,0
24329124,0
7889873,0
7296646,0
5721658,0
3154120,0
29960287,0
26970665,0
8553449,0
37102035,0
25742819,0
32786378,0
44511832,0
39652107,0
10405802,0
12019181,0
27662955,0
8669055,0
7680311,0
16244933,0
16318945,0
30656628,0
32135235,0
20885004,0
32356095,0
27812721,0
13852421,0
18484545,0
1893834,0
15260522,1
5867408,0
27904821,0
27177194,0
17919003,0
40602271,0
29198722,0
15684516,0
19814196,0
30310831,1
9411554,0
13065761,1
32308901,0
31151998,0
25920415,0
17115525,0
30716858,0
33435170,0
33649465,0
3917748,0
31371788,0
3129456,0
38034204,0
35538362,0
5917914,0
3091742,0
15846132,0
29014396,0
16060713,0
5996719,0
41653513,0
29823056,0
33332759,0
19355771,1
7491459,1
36656983,1
16266486,0
30323633,0
27735401,0
32719280,0
30758026,0
45653704,0
7837613,0
28028121,0
32412835,0
34330655,0
21072369,0
1375921,0
35774506,0
33507746,0
35788008,0
13190239,0
31934000,0
8388779,0
7766728,0
36250473,0
5859682,0
26620813,0
17411122,0
17569047,0
36603863,0
23432239,1
29188258,1
32125618,0
33884605,0
34784563,0
34258449,0
34327097,0
26380934,1
30350656,0
6347917,0
17679503,0
14513009,0
31284965,0
1907903,0
35350553,0
31683231,0
33960839,0
29678348,0
3870490,0
8210820,0
10705435,0
34925739,0
8014627,0
45496674,0
6278610,0
33921742,0
45632144,0
7542708,0
17570176,0
3714205,0
30971498,0
29790644,0
3870748,0
34655699,0
16691723,0
16999875,0
20795112,0
20704507,0
8365246,1
31632794,0
31364387,0
12741000,0
7256796,0
17362050,0
31592772,0
29358417,1
37650593,0
4914837,1
34980209,0
28196779,0
42979740,0
15647234,0
42055395,0
39245703,0
8168175,0
34125077,0
7753717,0
17104899,0
7497901,0
29022535,1
28699618,0
28594922,0
35442630,0
13334409,0
33605865,0
11864719,0
7287548,0
38039382,0
34927073,0
12102955,0
30897412,0
12710075,0
19532474,1
8445020,0
29531044,0
23913541,0
28687540,0
32279652,0
8106913,0
27859307,0
8062564,0
30894697,0
30088941,0
18749417,0
3895334,0
31290693,0
16400525,0
30507345,0
14638541,1
30905862,1
16207330,0
3827088,0
31363035,1
5944960,1
14262648,0
7352670,0
40459616,0
8661632,0
32158907,0
10513557,0
13647180,0
15254632,0
8424500,0
14393600,1
30016031,0
19942625,0
8942606,0
8204266,0
33071344,0
32017428,0
3158857,0
7020335,0
32835804,0
7519466,0
1925390,0
9011489,0
17716071,0
3925705,0
15451344,0
34991768,0
24331669,0
33649906,0
27511034,0
7967403,0
24146173,0
7950876,0
4075891,0
14714226,0
31447400,1
29916181,1
30186614,0
25647662,0
17250337,0
22058014,0
35356317,0
12031236,0
3008964,0
32335466,0
32603993,0
11548822,0
23799867,0
9985309,0
7202367,0
34230747,0
14212250,0
33458881,0
32570873,0
5687854,0
40693299,1
31400654,0
16216694,0
20190784,0
7175987,0
6821713,0
8448365,0
34247941,0
33036027,0
5706123,1
33661596,0
30787490,0
19714842,0
7334004,0
15054032,0
19424429,0
33290330,0
3022580,0
25576088,0
14956698,0
3181450,0
32815911,0
7621758,1
31767096,1
11409960,0
5788227,0
16416678,0
3341253,0
5722753,0
36480883,0
31950291,0
34315153,0
2376798,0
31210345,0
31867148,0
22152539,0
16567449,0
3796974,0
26812076,1
22267553,0
19242107,0
31419988,0
4271930,0
17781920,0
17796380,0
32719746,0
16395652,0
17072097,0
17187879,0
7482122,0
29532657,0
15654901,1
17799133,0
8428040,0
15820449,0
26996175,1
15822247,0
31679047,0
16739300,0
9706549,0
16251499,0
17842580,0
43756624,1
419355,0
7936702,0
17138850,0
42662979,1
10190404,0
6621933,1
1500912,0
31682342,0
16543420,0
8400726,0
7134035,0
17378849,0
26627079,0
16886808,0
16913362,0
5822893,0
18215734,0
32209985,0
4089674,0
19832374,0
8401574,0
8097612,0
32473508,0
34258877,0
30635327,0
20918964,0
28475569,0
7705865,0
3482786,0
7175588,0
30971507,0
31465391,0
31741946,0
5969020,0
29670205,1
34067561,0
7346756,0
5435107,0
45594733,0
17939442,0
32870440,0
34269463,0
1897826,0
16794675,0
33047253,0
14132982,0
24036618,0
33549033,0
105034,0
29198716,0
36563016,0
41006720,0
17778887,0
7805610,0
31926323,0
32092567,0
35059454,0
36784608,0
45658870,0
8370416,0
17682408,0
5755034,0
34217541,0
29112520,0
31901111,1
34563938,0
11503848,0
40560656,0
27266820,0
20354982,0
26683980,0
6939361,1
37399863,0
28333426,0
16131709,0
3819802,0
431990,0
28882157,1
34437990,0
41909378,0
13587126,0
6662727,1
18636215,0
27436400,0
31000802,0
7232358,0
33326944,0
31572399,0
14528819,1
17368260,0
16226938,0
45479651,0
31583340,0
5687838,0
33090313,0
17101111,0
26493602,1
15223933,1
15165297,0
26867254,0
6734531,1
8177888,0
32583268,0
41680710,0
4612429,0
32480418,0
34258106,0
15728031,0
31810906,0
24214800,0
13007118,0
13628311,0
15783314,0
10266790,0
27223864,0
28456883,0
33923277,0
1868812,0
40590493,0
44878968,0
31099935,0
31682507,0
31630684,0
17326608,0
7636309,0
4202635,0
10421515,0
18843133,0
7780464,0
34600855,0
41876759,0
7899984,0
19749253,0
5610516,1
2924069,0
33992093,0
34329794,0
1477241,0
3714736,0
29505139,0
17034098,0
7689177,0
16104131,0
44039374,0
8761842,0
8717389,0
1754201,0
32433330,0
9120532,0
17242482,0
16820543,0
8943923,0
8090503,0
16973196,1
33905310,0
24568598,0
17053510,0
6368715,0
1065116,0
16552972,0
19993608,0
30850421,0
16124247,1
43654685,0
24389033,0
31284559,0
32130796,0
3459734,0
7310426,0
17051970,0
26382195,0
7918569,0
1744752,0
29992005,0
16591540,0
3518516,0
33840265,0
29629210,0
17156557,0
14456724,0
9435150,0
32219932,0
16690670,0
1794234,0
4018233,1
7038444,0
5843362,0
5812143,0
33500534,0
24739046,0
14756267,0
29270850,0
12722685,0
44340999,0
5749792,0
32852720,0
15117782,0
33010,0
10188794,0
33948248,0
17207795,0
24257880,0
30627174,0
33065050,0
30256026,0
34265008,0
3815561,0
34202163,0
9148892,0
15706363,0
32744494,0
37083101,0
16887883,0
7557074,0
25180872,0
41202403,0
32758254,0
45435121,1
7864430,0
28029710,0
4526423,0
37272069,0
1892133,0
15798476,0
16195044,0
4140535,0
8596523,0
36272306,0
40650300,1
32375711,0
16508781,0
5772681,0
36203685,0
29486797,0
34850552,0
28144132,0
33486213,0
17256101,0
24645814,0
22583229,1
14396318,0
32735931,0
1460575,1
18380219,0
21739589,0
22861102,0
7411240,0
30876577,0
7525565,0
30428871,0
7451715,0
1870153,1
3679004,1
5847045,0
8597437,0
16833504,0
4371421,0
3037265,0
8299580,0
33960110,0
30694129,0
24675724,1
31174996,0
17914112,0
33063241,1
33146251,0
11459913,1
16374611,0
3697780,0
33508932,0
7325890,0
41967160,0
16689248,0
8237907,0
3796960,0
6598774,0
1958096,0
33865499,0
33431795,0
17600829,0
30332377,1
30084505,1
29266947,0
33893762,0
8007270,0
10722068,0
18323402,0
43769483,0
17005927,0
30969450,0
40598665,0
20210856,0
36018055,0
17932303,0
31516030,0
23550480,0
14363391,0
33155292,0
36072864,0
28978120,0
2778952,0
17133441,0
23466418,0
32555306,0
32789986,0
27406242,0
31908522,0
16204774,0
8032707,0
5917961,0
28581137,0
3850330,0
17035580,0
3869397,1
30574316,0
8067143,0
8389671,0
29597775,0
7887454,0
31087304,0
32703226,0
3936817,0
2105941,1
41858937,0
33037404,0
16995482,0
3850308,0
18096678,0
29438043,0
6737775,0
30004892,0
32983203,1
30184218,0
8169031,0
8142686,0
34657620,1
15424312,0
32143197,0
36596765,0
29589221,0
31542424,0
32308265,1
21242143,0
35019723,0
25040383,0
34216673,0
6980553,0
33923558,0
34435241,0
34695659,0
32247120,0
31996907,0
29899822,0
32212402,0
38029003,0
7597904,0
33953229,0
18878373,0
8197981,0
18351733,0
33012517,0
16718080,0
16799863,0
7445847,0
16631758,1
13364433,0
16916026,0
1921050,0
42922011,0
30426889,0
2113429,1
17688656,0
31517884,0
32732970,0
6742734,0
26447057,0
7398983,1
11962413,0
14715289,0
35856161,0
15742083,0
31417579,0
8621863,0
29335366,0
30272929,0
2380625,0
16309988,0
26837166,0
30777601,0
14038973,0
3851477,1
11495820,1
17012462,0
32238637,0
29602654,0
7851289,0
8272600,0
16808471,0
2942292,1
33221216,0
33549393,0
28711514,0
16529350,0
31365778,0
29868905,0
307015,0
7313345,0
17192053,0
16072255,0
1958116,0
19746919,0
4108144,0
4396483,1
34753248,0
28368016,0
34460491,0
36988723,0
4080100,0
7932222,0
7429454,0
37735858,0
4797979,0
1842879,0
32189547,0
6758100,0
7991792,0
22200368,0
14222799,0
25688107,0
34308127,0
7070834,0
29849863,1
15602281,1
19547867,0
17570465,0
29783535,0
43237330,0
4107516,0
27585484,0
24960604,1
6672352,0
17526374,0
16479229,1
32084429,0
7979025,0
31113642,0
3687755,0
3911993,1
10686696,0
14622003,0
18394788,0
31880697,0
34649936,0
13313293,0
10488571,0
33383490,0
16302854,0
32875985,0
14625355,0
4139751,0
3017532,0
33443906,0
28737797,0
34838382,0
7152515,0
45584100,0
7109418,0
18637159,0
31925831,0
8876873,0
32430027,1
6836400,0
7295651,0
31561104,0
32499071,0
44723611,0
7206127,0
27045025,1
34735644,0
15604593,0
17216418,0
27573849,0
31514976,0
32791193,0
31927015,0
28895680,0
31503671,0
3850101,0
23999042,0
8417322,0
45033151,0
34364630,0
16371474,0
30587218,1
12328341,0
16069579,0
30259033,0
17267619,1
43681198,0
1758179,0
15773820,0
25922196,0
8306237,0
8650816,0
16292886,0
2369352,0
30898379,0
31786909,0
7298902,0
5758774,0
17474945,0
36410747,0
19648662,0
27735007,0
31322799,0
33622553,0
33025301,0
16804134,0
27219606,0
18801934,0
7033523,0
7120300,1
19188024,0
16716566,0
19046682,0
30440660,0
39347033,0
1750075,0
33528076,0
14924575,0
16602764,0
45320504,0
6781162,0
33715930,0
15208945,0
17696290,0
30267789,0
16572907,0
30655171,1
35593716,0
4063543,0
32892081,0
33951984,0
15976154,0
16216930,0
18049096,0
17213024,0
28774718,0
12232749,0
26094563,0
21924187,1
27914771,0
1517012,0
44150587,0
2421813,0
32549801,1
34872934,0
44663197,0
42035996,0
11784723,0
34128193,0
44124597,0
25782197,0
15332502,0
7015491,0
16433377,0
32269600,0
18307875,0
3916670,0
32495304,0
7592012,0
7869069,0
33479071,0
33656593,0
15320902,0
7412299,0
15945900,0
4122902,0
16307897,0
1864316,0
30078912,0
20738268,0
7533762,1
29946166,0
8563197,0
38206684,0
27226629,0
11425087,0
31499760,0
16564962,0
7618717,0
2997626,0
9689223,0
7633522,0
12010147,0
16054007,0
4058301,0
8798429,0
25828184,0
31924072,0
11039304,0
32848691,0
39843644,0
8047430,0
28957117,0
17828085,0
33923276,0
27977164,0
30883387,0
32371427,1
30814762,1
16083151,0
24962252,0
29953076,1
34169194,0
15892576,0
30622265,0
43265869,1
16350979,0
7915827,0
32914597,0
29381118,0
38670664,1
16794466,0
6958831,0
17168299,0
3854027,0
17770646,0
9001884,0
34142333,0
432401,0
14546705,0
5717090,1
32117713,0
29977482,0
3541456,0
7325512,0
30787460,0
31958455,0
26477152,0
33623179,0
3284604,0
5724450,0
28329812,0
28145765,1
42836097,0
8801808,0
8831100,0
17326641,0
36028956,1
29205989,0
17466460,0
32411038,0
1745507,0
15100150,0
18097457,0
14037762,0
30550524,0
2113667,0
15171201,0
1629125,0
33430411,0
44989492,0
8145962,0
34757852,0
20369707,0
33544206,0
32410139,0
35709014,0
4157302,0
30991412,1
9516961,0
8058210,0
34583703,0
37896996,0
45233015,0
7821045,0
5703873,0
24241994,0
3515242,0
31750813,0
22243617,1
29372393,0
31705576,0
36335758,0
17604302,0
41000163,0
4406546,0
19940392,0
33614058,0
27286390,0
34360360,0
35240582,0
15917774,0
29258939,0
31180599,0
752008,0
17086189,0
6337195,0
30203342,0
7491682,0
41571436,0
16783824,0
31006436,0
13374005,0
18725392,0
1498714,1
34034429,0
31228083,0
29704727,0
7292797,0
34694574,0
33865245,0
13446606,0
5772666,1
15027653,0
7667402,0
24620224,1
3355014,1
31286555,0
15714698,0
16292590,0
6121918,0
6434059,0
3939884,0
32778054,0
21364515,1
28066778,1
99853,1
32074270,0
44639535,0
28745445,0
30381325,0
33545759,0
44414832,1
11435975,0
12078232,0
23391111,1
26980382,0
31650451,0
17045853,0
29484822,0
32355704,0
3881099,0
35340244,0
5296608,0
30345857,0
11954061,0
7962699,0
4114346,0
1787425,0
25155142,0
8197245,0
24697732,1
34035046,1
34168969,0
33222122,0
1722156,0
8186176,0
6033324,1
10987939,0
43392434,0
7521778,0
32854870,0
6347526,0
6885635,0
31575980,0
2953392,1
33618151,0
30913634,0
28306636,0
5223230,0
28823684,0
28445621,0
23015319,0
31854361,0
5045226,0
16492944,0
15784190,1
33559966,0
34219398,0
28009905,1
27040240,0
101810,0
4087030,0
13983281,0
23610751,1
33129587,0
28943395,0
3150067,0
28326528,0
8306796,0
34335650,0
16746305,0
19449095,0
4772440,0
107711,0
18036699,0
32512763,0
14185830,0
9340707,0
13790942,0
7221244,0
33861281,0
3092637,0
7282665,0
4134001,0
533786,0
31353216,0
35085896,0
31495768,0
14140779,0
29475561,0
29531446,0
32297302,0
25709761,0
4230878,0
5587829,1
9167827,0
15372079,0
4457661,0
16507574,0
44178550,1
33172066,0
9329178,0
7285646,0
31232039,0
33088733,0
19351328,1
34381064,0
31998116,0
33219515,0
18275088,0
11032753,0
3100027,0
14058855,0
4493262,0
30803635,0
8755657,0
7728057,0
26441889,0
17392852,0
22852795,0
28671492,0
7634492,0
29877933,0
5728783,0
5715234,1
33711899,0
44056716,1
18547833,0
26950277,0
7508796,0
691696,0
25192321,0
7423273,0
7843843,1
42858421,0
1023694,0
14536964,0
34261452,0
22410248,0
11400274,0
8790050,0
31919765,1
8478050,1
8272936,0
17751190,0
16951153,0
31178798,0
17546650,0
34036541,0
35485660,0
16526318,0
13373237,0
6998146,0
13519175,0
17571396,0
28316110,0
32921443,0
24212441,0
30659205,0
19293169,0
35755131,0
32844751,0
41821515,1
33362387,0
4130954,0
34281654,0
34517183,0
29526492,0
38445060,0
3921217,0
7437508,0
16844514,0
37496353,0
10311745,0
14751674,0
14623948,0
14647321,0
33220408,0
9113903,0
8352852,0
33694958,0
14495780,0
15050955,0
13338310,0
29217210,1
1919943,0
30065017,0
19686978,0
36229688,0
18363505,0
17000385,0
31880151,0
3795489,0
27944681,0
2113830,0
16725994,0
27440049,0
17091935,0
9745272,0
43720440,0
4298763,0
17577797,0
7434756,0
7765438,0
2336567,0
17707007,0
42403961,0
30013737,0
10295301,0
31701942,0
9107362,0
32723747,1
4191513,0
1985850,0
34980118,0
33401587,0
7287519,0
31267249,0
3070944,1
3833998,0
8354052,0
31851802,0
32386659,0
43923037,0
14351882,0
3521007,0
39826830,1
8417321,0
30100136,0
31318748,0
19101326,0
41411562,1
13404111,1
32956071,0
492922,0
3931802,0
14450363,0
31438227,0
36305275,0
7919569,0
31103903,0
8068965,0
5467870,0
5997658,0
32087097,0
17571297,0
34532906,0
4030024,0
35074338,0
34189370,0
41667852,0
29783526,0
5745100,0
43463496,0
28548758,0
17096201,0
16934866,0
17708114,0
31667281,0
8193441,0
19240335,0
28901566,0
29857061,0
16831347,0
33663037,0
7093175,1
7180005,1
34963946,0
24306023,0
16984970,0
4123444,0
16960723,0
31807517,0
34197886,0
16400272,1
8365156,0
7673876,0
34708452,0
2357786,0
17828268,0
31178196,0
7216691,0
8828880,0
397337,0
33082488,0
6723577,0
7385640,1
14294641,1
6234819,0
3509121,0
4023253,0
4402399,0
34587616,0
31625713,0
31777130,0
6199493,0
32326264,1
16718433,0
43655770,0
31315987,0
1251923,0
6007243,0
16704816,0
23572383,0
29819948,1
19158054,0
5780142,0
10817883,0
28082820,0
8267998,0
38080004,0
7379139,0
36761888,0
24111697,0
11579610,0
8583190,0
4158128,0
15825258,0
30375302,0
4469173,0
847576,1
16671900,0
13462312,0
3972719,0
8337082,0
31754342,1
16345864,0
45123831,0
27299721,0
2925232,1
17882551,0
8223479,0
36201052,0
33527131,0
4304077,0
7127098,1
11892021,0
5774544,0
15956686,0
16971122,0
3674652,0
6907731,1
30400281,0
34872980,0
28776114,1
4395852,0
14809837,1
7191270,0
15454083,0
7739436,0
17503165,0
19875280,0
5138604,0
7977984,0
17192010,0
31878653,0
32297619,0
43689865,0
31562755,0
4370149,0
4634343,0
19836355,0
6719443,0
31620859,0
8039889,0
2689332,0
7658907,0
18037947,0
29994267,1
8527631,0
13506631,0
35621433,0
34535006,0
2972073,0
31565307,0
32739455,0
38028995,1
35570969,1
32865616,0
29724343,0
32583266,0
15931139,0
16435337,0
1925851,0
31650007,0
30334765,0
7081753,0
4020330,0
17570156,0
5734979,0
29528318,0
31687087,0
30661220,0
13399223,0
1784585,0
36318520,0
4273910,0
32655413,0
12025493,0
8161992,0
4364154,0
33547803,0
30920788,0
35346380,0
4434386,0
38376044,0
7097611,0
25025305,0
42621808,0
30102648,0
14367714,0
17417019,0
4589174,0
43190833,0
20203104,0
16296221,0
872241,0
4065835,0
31954414,0
28909117,0
44437128,0
851047,0
17164639,0
36297377,0
17127538,0
31440563,0
16355284,0
5771005,0
34335749,0
15774060,0
21021,0
10619841,0
3017626,0
17091213,0
14918099,0
26426853,0
4178548,1
39858352,0
4288649,0
18384495,0
16353902,0
32586366,0
10203039,0
35670656,0
3926759,0
26345728,0
16804418,0
23246833,0
10664854,0
16668490,0
17236549,0
5256228,0
3736713,0
33390689,0
40261831,0
35211621,0
29175613,0
15206927,0
9212034,0
32752176,0
14626521,0
32982240,0
4868452,0
1799636,0
3482236,0
7693465,0
17087891,0
28743982,1
12399184,0
16572649,0
31078710,0
7064981,1
23848017,0
33843371,0
28835250,0
9504140,0
31437440,0
2000281,0
30536407,0
18452861,0
4040433,0
31313838,0
16424343,0
14812563,1
17263388,0
16292292,0
35023969,0
5091803,0
17781457,0
40919804,0
13521445,0
14536060,0
2088625,0
4151220,0
3687754,0
32124620,0
17074526,0
41698938,0
26167797,0
16978777,0
30243174,0
33479895,0
38764641,0
33203968,0
30238695,0
29280565,0
34510150,0
41251078,1
31344574,0
3941668,0
34713743,0
38680402,0
27737106,0
24608656,0
43208718,0
5847026,1
40641646,0
15782623,0
37242406,0
29636212,0
31428750,0
31676199,0
15696710,0
20860213,0
16633158,0
19749255,0
2342779,0
30215259,0
41113876,0
5962527,0
20525092,0
18441333,0
34328116,0
39616781,0
5983407,1
16455390,0
4091781,0
29543907,0
32586999,0
21874464,0
7319103,0
12135750,0
37730444,0
30968971,0
44190980,0
12194980,1
30405699,0
17560047,0
3862137,1
10825081,0
17074333,0
29743525,0
30027620,1
6252825,0
18036691,0
37762922,0
29502657,1
16981970,0
1850905,0
36379668,0
7457122,1
15583298,0
5356448,0
25385115,0
25754946,0
7723759,0
30059576,0
17696224,0
15876591,0
17204212,0
38944402,0
25697337,1
26874932,0
5886054,1
17571183,0
23843931,0
17235213,0
15697489,0
16660081,0
41561888,0
17029666,0
25758208,0
5732296,0
7976484,0
7727465,0
27589056,0
17684799,0
5687401,0
33430348,0
28680801,0
45155505,0
42017996,0
3061245,1
30448563,0
24965747,1
34081191,0
3961002,0
45526450,0
869991,0
41951768,0
11591037,0
16716508,0
28836310,0
14737725,0
32020609,0
27105136,0
12411905,0
33063141,0
32915083,0
30375397,0
32432325,0
9963416,0
23481521,0
17000861,0
29236582,0
10195257,0
34370095,0
15766426,0
14208735,0
7455763,0
32274390,0
7069804,0
32711158,0
45127152,0
33885043,0
8668467,0
26413871,1
32651942,0
899276,0
28063724,0
8019140,0
4772441,0
909067,0
44270838,0
12022773,0
28258698,0
7307707,0
31618144,0
13954591,0
44779991,0
4746119,0
44681796,0
29474438,0
23002204,0
29394062,1
13726278,0
14984813,0
26419647,0
8056292,0
36940363,0
4201210,0
17226313,0
32557166,0
17480655,0
33326802,0
3657991,0
13152508,0
8211854,0
8755505,0
32888528,0
4249602,0
17622129,0
3016747,0
10328733,0
14998603,1
5985271,0
8360946,0
30019788,1
32326047,0
13147104,0
8096311,0
7249858,1
31751585,1
3759033,0
29573542,0
45237184,0
15037615,0
16416199,0
5770882,0
24766616,1
31177107,0
6153300,1
19004153,0
31353165,0
29198721,0
23795602,0
30440138,1
30749099,0
11954221,0
31067852,1
34335685,0
3743141,0
30046051,0
22484486,0
1902396,0
32364542,0
33950143,0
20419169,0
15816010,0
34064461,0
6244482,0
11542443,0
32092470,0
8153422,0
21105745,0
2352656,0
20022390,0
43669257,0
29820042,1
24837136,0
7012369,0
31359605,0
16753472,0
3328471,0
33446689,0
3726091,0
6312819,0
44477326,0
17571739,0
27976046,0
17143187,0
18072252,0
8605030,0
16274912,0
26027845,0
30713756,0
6112392,1
33512404,0
3353389,0
6830092,0
8390428,0
15179458,0
31250767,0
33623908,0
29485745,1
16609128,0
17444935,0
31000801,0
29754754,0
4171404,0
35267070,0
15972894,0
6013295,0
8177882,0
31570479,0
13868189,0
30280312,0
3008724,1
33343525,0
31057796,0
11466388,0
2284349,1
29268694,0
4304726,0
33707842,0
9785499,0
5768777,0
17795239,0
40970604,0
32124678,0
32333147,0
30003814,0
18069719,0
28388245,0
34872159,0
28432113,0
15311022,1
8168127,1
35856844,0
17000870,0
17856541,0
16548031,0
32168943,0
21275255,1
30800908,0
16072779,0
31266973,0
4063436,0
7216798,0
43373960,0
30914770,1
12936837,0
33959008,0
7302142,1
8842311,0
3282268,0
17047680,0
17112776,0
1864931,0
17222922,0
8750198,0
33828223,0
1769075,0
5942798,0
3024938,0
3749269,1
16686623,0
17748776,0
17272864,1
16155435,0
15260637,0
754698,0
18599712,0
5048705,0
30274970,0
4092718,0
28300756,0
3984232,0
4953639,0
7637462,0
8382015,0
4371574,0
10248559,0
32292398,0
1973480,0
16300423,0
31302596,0
5961135,0
31095773,0
15436630,0
17141550,0
33918991,0
13560346,1
18372896,0
8190805,0
33705134,0
37686647,0
16548692,0
25909479,0
16240683,0
7349646,0
29716824,0
3917944,0
31634,0
43508298,0
4816340,0
5772823,0
33978545,0
31976217,0
17128398,0
33283735,0
29746782,0
15887774,0
29551615,0
17117227,0
33158375,0
25163401,1
7837880,1
7963548,0
1020746,0
31244508,1
35517380,0
21835309,0
30385733,0
8054640,0
44634642,0
15190523,1
17058579,0
34123297,0
32317903,0
42251336,0
7916314,0
16888611,1
29886872,0
16888719,0
32666552,0
3823739,1
36968064,0
15451894,0
30514332,0
16702072,0
17423585,0
6659323,0
7386986,1
14109163,0
1907907,0
4014663,0
16407949,1
17969569,0
29687300,0
6847542,0
35952177,0
33908817,0
4532126,0
3976444,0
30324292,0
31450943,0
21022,0
19532483,0
4103776,0
25968400,0
17039898,0
6973849,0
16066928,0
29243142,0
34502020,0
31951811,0
24633804,0
17159401,0
16391645,0
15112161,0
15322237,0
10444388,1
14792937,0
14615367,0
6427407,1
32679665,0
17517750,0
40891674,0
31026816,0
36385663,0
16191329,0
3709393,0
30732978,0
27746927,0
7680414,1
25828721,0
15049701,0
28378890,0
31065273,0
32915033,0
1180188,0
5828437,0
17250835,0
33241387,0
25196832,0
41090580,0
4434897,0
19240333,0
26774079,0
27649714,0
23082880,1
33283764,0
32931626,0
34518483,0
123476,0
15371975,0
45517696,0
32675049,0
29267016,0
16695306,0
13350614,0
16485154,0
8357775,0
13928157,0
15699365,1
33208821,0
3939935,1
29790609,0
7867103,0
17716303,0
42761785,0
32562388,0
17453694,0
32648657,0
16975290,0
11967487,1
12313980,0
3750802,0
8081999,0
3976194,0
15116345,0
17890011,0
28951613,0
6685311,0
31394357,1
34661072,0
26365402,0
7519309,0
31987994,0
8743793,0
28449100,0
17376792,0
31000377,0
15094961,0
29506184,0
22857092,0
26291352,0
7254332,0
32338417,0
32576522,0
8191284,0
7950079,0
33475869,0
32972989,0
30244634,0
33476285,0
7779950,0
38983535,0
29673911,0
6169317,1
16490839,0
16701980,0
2477743,0
4526514,0
12882019,0
30579530,1
30656017,0
1404836,0
16650353,0
16639462,0
6749968,0
12004831,0
1599411,0
28458504,0
33109389,0
32448780,1
29250301,0
30606639,0
19749249,0
17252016,0
7482502,0
16613622,0
15434670,0
8312665,0
8404799,0
4497338,0
7267744,1
15752002,0
17542582,0
27671515,0
27654141,0
20560341,0
45050268,1
4344896,0
31270421,0
7151124,1
35783986,0
27225962,0
13651622,0
7449685,0
31420537,0
10733855,0
14651322,0
3912214,0
32596607,0
1047902,0
17006573,0
32333020,0
34584001,0
42427452,0
33980727,0
748872,0
16215751,0
41716181,0
7468537,1
8464362,0
37137458,0
11621550,0
5814169,0
13583305,0
33096216,0
31177908,0
7333490,1
30448644,0
1892134,0
7621910,1
7767330,0
34272579,0
1706881,0
3595972,0
1977353,0
7796284,0
29013506,1
34539399,0
34110133,0
32092635,1
7167197,0
33849319,0
41784831,0
6144297,0
34730780,0
15130718,1
28378786,0
7134804,0
30214896,1
3630520,0
34518485,0
3998176,0
5483622,0
8636452,0
25378465,0
18034324,0
3019982,1
32301658,0
30995929,0
28463244,0
32616050,0
35145717,0
8186767,0
32573889,0
11887112,0
26866591,0
33207103,0
26525416,0
30138631,0
8202956,0
13620213,0
33803307,0
16125100,0
26527186,0
45545152,0
16463783,0
10603139,0
8226208,0
15455760,0
16309705,0
31965543,0
1837831,0
8343512,0
15319547,0
4795494,0
13986560,0
31901791,0
16902021,0
1712063,0
4171005,0
26749181,0
12407413,0
31026785,0
31514272,0
11271591,0
12965373,0
35791128,0
32209481,0
4337252,0
5677524,0
29245519,0
15161336,1
29458048,1
8023237,0
16222297,0
13821077,0
33971354,0
34706484,0
11460234,0
1758688,1
7232312,0
17071467,0
30318437,0
33187346,0
9056527,0
7793292,0
411910,0
28076710,0
2520825,0
16067084,0
18801646,0
7944219,0
30516324,1
29802404,0
21554709,0
7880234,0
16226303,1
33746766,0
17039370,0
16804121,0
33964369,0
33679215,0
16170406,0
33261983,0
9569013,0
4333496,0
12323727,1
319831,0
32189371,0
28970706,0
7680285,0
15487858,0
6985963,0
7255731,0
1095188,0
26874698,0
32062045,1
31343863,0
27727399,0
29141365,1
15046969,0
15724956,0
42001581,0
29086478,0
37348677,0
33230051,0
32840592,0
44054502,0
17752315,0
37000983,0
30179210,0
29677244,1
3089904,0
17396512,0
3459293,0
17100486,0
4496363,0
4407202,0
11806070,0
30647716,0
21823855,0
3447341,0
20704679,0
32623830,0
26017093,0
400101,0
32523276,0
8579557,0
33062023,0
12355442,0
8639070,0
29558090,0
4283526,0
6696336,0
26259078,0
16549468,0
32656362,0
37466459,0
29752998,1
22896580,1
3865878,0
12559504,0
33543706,0
3116764,0
39861352,0
3754489,0
15794191,1
8527111,0
841194,1
7192856,0
14444065,0
17009149,0
32138683,0
16315777,0
32742987,0
8833350,0
17479322,0
8681838,0
34598412,0
4095742,0
8193081,0
33311857,0
33856672,0
4332191,0
13026144,0
31426721,0
11634633,0
31126402,0
29916818,0
28303905,0
18862903,0
27079244,0
7334836,0
408070,0
17949078,0
11493382,0
9180038,0
10704731,0
32376685,0
31313680,0
31246193,0
15024651,0
31131915,0
24570009,0
38351333,0
16800281,0
25966532,0
16831597,0
8230793,0
33197181,0
16050712,0
7468550,1
4450821,0
1880382,0
27269337,0
28697924,1
4883376,0
14380082,0
19851765,0
4493160,0
7706215,0
15735185,0
31499421,0
35086681,0
4152098,0
7908175,0
24182427,0
18601277,0
40652382,0
25249905,1
10525692,0
37251862,0
35099720,0
8461496,0
34170306,0
28913861,0
12987818,0
33774965,0
17748836,0
34625246,0
5407337,1
8177881,0
26526246,0
1751877,0
43534924,1
7679016,0
32005357,0
40149545,0
17124656,0
9144659,0
31508879,0
15757152,0
33484572,0
32038441,0
31074174,1
31564006,0
33883950,0
23555915,0
16779395,0
27439175,0
8376869,0
17756498,0
30895068,0
34213149,0
34710538,0
25001624,0
7864230,0
24028557,0
16402186,0
29186593,0
33191793,0
7777981,0
13015267,0
8489037,0
29956055,0
17353219,0
2342782,0
16164912,0
31179277,0
36130761,0
7545853,0
31951096,0
15263291,0
12533045,0
11978865,1
10302859,0
14241297,0
26837359,0
34221249,0
33207351,0
34020171,0
4131449,0
4990346,0
16806244,0
33328775,0
7442647,0
30932504,0
14934051,0
18095091,0
26885183,0
19931891,0
41070679,0
34012162,0
8193372,0
15458708,0
6726511,0
17330793,0
33816596,0
30968164,0
14406799,0
13424649,0
17217991,0
34524178,0
1416562,0
31205179,0
4368040,0
9374494,0
25786130,0
31940366,0
34389456,0
25174844,0
15692596,0
34066465,0
34724418,0
13718475,0
16047727,0
29184284,0
17147809,1
17225455,0
33017357,0
21735443,0
30079275,0
32977669,0
5875182,0
16299052,0
21544406,0
6038626,0
17835437,0
32992221,0
26773988,0
35895931,0
1892561,0
39996431,0
4765959,0
8241776,0
17163334,0
3918530,0
11377257,0
30167012,0
6812379,0
120970,0
33150801,0
787574,0
17323984,0
17935013,0
1796723,1
6707755,0
4040673,0
32806343,0
1928614,0
14306661,0
34794605,0
15984183,0
4268579,0
12420687,1
27469710,0
18964400,0
16145454,0
16970808,0
11460172,0
35998718,0
7899982,0
31490075,0
33669255,0
44611928,0
15333588,0
4783485,0
19689434,1
42878040,0
16635967,0
3885595,0
32441334,0
13340829,0
7498103,0
18334950,0
29684206,1
4298400,0
35175120,0
6802640,0
7107547,1
4316240,0
7634817,0
4469638,0
44375734,0
7353390,1
35670971,0
31583834,1
12838769,0
17226596,0
559769,0
30324670,0
21317709,0
31363537,0
33705283,0
32546902,0
28488769,1
32671726,0
29785375,1
16807204,0
24563243,0
15956558,0
24238067,0
9805560,0
39655847,0
8177886,0
15230564,0
4959086,0
14593366,0
30868499,0
13900721,1
29820895,0
34440692,0
7756552,0
7224283,0
30653524,0
17296489,0
16034894,0
16103639,0
15738634,0
34690644,0
29783527,0
32131525,0
32409053,0
4245703,0
15333680,0
2341317,0
1820620,0
2333894,0
3085042,1
4073945,0
31699479,0
3739544,0
42958418,0
3944704,0
5859583,0
3693692,0
30367516,0
32846459,0
17319908,1
32451147,1
27435209,0
17068656,0
16800012,0
41680082,0
16201919,1
30381642,0
15520614,0
31486339,0
19018374,0
15394702,0
8288096,0
31099011,1
17844316,0
34735637,0
30314811,0
10312227,0
5915945,0
32856357,0
12005819,0
4196476,0
32185510,0
36209117,0
41612715,0
15877849,0
29972285,0
31639959,0
23214515,0
85988,0
21211513,0
40211652,0
26256457,0
6420046,0
12758566,1
4373819,0
32288989,0
20828706,0
6895156,0
32124745,0
15122171,0
8074661,0
29302574,0
17006580,0
29883342,1
4672750,0
18643572,0
11839153,0
7379454,0
17832307,0
25064957,0
14048757,0
43214758,0
3465737,0
34760136,0
21931733,0
22846173,0
30987956,0
31668082,1
15826526,0
29779151,0
33663886,0
16795015,0
23790691,0
31512893,0
34233530,0
34055001,0
31323544,1
17420350,0
16929934,0
3852479,0
28435849,0
16113592,0
29197623,0
7026873,1
42527355,0
17571443,0
31695434,0
2537821,0
17444403,0
14721385,0
17698332,0
28513260,0
16970762,0
11415197,0
31641611,0
16921442,0
30261785,0
6176594,1
30656756,0
29203971,0
29518322,1
32239783,0
45331127,0
32377879,0
14613973,0
40318674,0
43012660,1
16699879,0
34458391,0
13123902,0
1481003,0
29240565,0
3827718,0
7806606,0
31177960,0
17102474,0
7994724,0
16400851,0
44195749,0
16718079,0
29997738,0
16795578,0
33250911,0
44822738,0
8281755,0
14945579,0
30937472,0
32592215,0
8294766,0
16777843,0
31979656,0
1593024,0
902886,0
16918914,0
1967201,0
27639616,0
31980073,0
33491615,0
15288368,0
31999338,1
42207918,0
3621990,0
28517593,0
31518175,0
25196065,0
23893421,0
4855312,0
24139283,0
30932171,0
5915182,0
5709142,0
501696,0
35338564,0
1543631,0
28004481,0
36951354,0
32137943,0
7887453,0
34114530,0
24629970,0
42050463,0
32497409,0
33550369,0
27268629,0
7753974,0
7519485,0
42235780,0
28022516,0
2117783,1
33530310,0
24087260,0
3634324,0
3450148,0
17465192,0
34335716,0
16434251,0
6095411,0
6662130,0
34413771,0
17507763,0
17006570,0
23229090,0
33377817,0
30947804,0
841191,0
14840738,0
29635535,1
16612532,0
1444698,0
40656038,0
15438348,0
31893245,0
7543439,0
7993926,0
17228706,0
15116014,1
26790169,1
16504691,0
27780428,0
11875954,0
4219896,0
7741554,0
6416173,0
33901439,0
3519566,0
14294642,0
33924801,0
8050803,0
5756697,0
7999157,1
29648585,0
17651802,0
11850662,0
791173,0
32829684,0
19355823,0
4834456,0
8434624,0
7630345,0
15335774,0
40998637,0
7765232,1
31324142,0
28467185,0
35100114,0
40432154,0
28648540,0
29947503,0
8242253,0
16485229,0
5564191,0
33594716,0
34958058,0
16005742,0
31984298,0
39435696,0
3523327,0
28946759,0
7387310,0
13974188,0
43389757,0
18890564,0
35304439,0
31700239,0
4111686,0
7500764,0
32638969,0
4003449,0
30891281,0
27777932,0
13342444,0
4197236,0
809138,0
8403385,0
7468818,0
8219586,0
33708072,0
10169140,0
7557585,0
17223950,0
17251532,0
15737274,0
32903648,0
32143198,0
5885519,0
8232747,0
4042429,0
14858193,0
3640114,1
35058781,0
31858118,0
24636918,0
14432651,0
910909,0
44066782,0
15955327,0
17216977,0
33224765,0
33582267,0
37730456,0
1419661,0
2308056,0
7963006,0
2580957,0
11531775,0
6863009,0
3995577,0
19749246,0
16336279,0
7039434,0
29492453,1
30533804,0
33699607,0
11337461,0
32895331,0
34320490,0
3528865,0
23202267,1
41560950,0
33803478,0
15141193,0
3943267,0
17007904,0
31821363,0
10175758,0
15406643,0
7755320,0
12768052,0
15145019,0
13956113,0
31502545,1
5054193,1
33387869,0
18831367,0
31933464,0
3850446,1
19260332,0
42754322,0
23358258,0
7901759,0
38605587,0
32389336,0
15953885,0
34254828,0
32541151,0
17700636,0
7635297,0
5633944,0
25708240,0
28005462,0
32342120,0
1961076,0
5625160,1
417176,0
15701369,0
36412301,0
2083939,0
16574998,0
30602774,0
17192331,0
31675514,0
34200544,0
36194659,0
32290581,0
7407643,0
36263246,0
3668738,0
33631560,0
32580535,0
20813316,0
6634925,0
23575865,0
16468766,0
36737671,0
21431449,0
16602541,0
6270910,0
13630398,0
23248717,0
8109244,0
21070352,0
6923753,0
17647798,0
4731244,0
4834114,0
34326941,0
15907903,0
16343570,0
21219414,0
8059068,0
31733290,0
34876999,0
31708597,0
14016818,0
31475045,0
7004614,0
3794548,0
3068902,1
14771742,1
4620078,0
44818435,0
1028662,0
11382149,0
15992636,0
6439399,1
27665957,1
35220666,0
31911612,1
15158575,0
15724657,0
11908855,0
5078831,0
7738527,0
29172056,0
11835553,0
30571223,0
16933133,0
35828211,0
30117882,0
7909887,0
11542481,0
8682865,0
8263874,0
8261468,0
12373148,0
2478347,0
10172264,0
27576173,1
7728929,0
13330845,0
27236796,0
25002515,0
2371231,0
8090031,0
23036976,1
3071710,0
16239548,0
23348587,1
11680821,0
2626047,0
17071308,0
30139834,0
30393286,0
34096684,0
29682753,0
32353230,0
31469640,0
26286149,0
32662728,0
32592926,0
3744324,0
15945824,0
15943979,0
16724135,0
11919582,0
4307855,0
1953259,0
5848539,0
29519736,1
16914408,0
31578898,0
6654038,1
7473823,0
16435305,0
17973132,0
17064182,0
5107494,0
14609808,0
8292561,0
18655283,0
1813160,0
31790570,0
15985445,0
16571907,0
33190986,0
30396381,0
31563139,0
12564702,1
16067188,0
31413479,0
7261781,1
4133431,0
5033145,0
3391855,0
7634177,0
7994725,0
29283693,0
29835989,1
24707287,0
32959842,0
18045217,0
24711617,1
20199879,0
14665591,0
360017,0
33863050,0
32354155,0
15699454,1
34368470,0
24695635,0
34323847,0
12064624,0
1550903,0
17009586,0
6595421,0
17777491,0
18567099,0
18594553,0
31708596,1
16216534,0
7091900,0
2119721,0
32815135,0
30690880,0
29514897,1
31142247,0
28074682,0
36002223,0
15853299,0
21218346,1
27403509,1
32492524,0
18403953,0
15619535,0
31394393,1
32509839,0
7818902,0
8011766,0
33531808,0
33400258,0
13045919,0
7533906,0
712523,0
15816595,0
39662152,0
400078,0
30886937,0
16900685,0
507034,0
3050919,1
17499501,0
21688337,0
30924635,0
17999748,0
17323873,0
45333197,0
24348198,0
29262114,0
19293664,0
10959177,1
16606282,0
5746276,0
18774710,0
33092990,0
11735107,0
4055168,0
7949566,0
17000943,0
1989254,0
7082978,0
19817261,0
5590334,1
13270207,0
30104101,0
6270569,0
18728874,0
7969673,0
32123616,0
16531128,0
43465744,1
5828016,0
2540150,0
8388929,0
7430130,1
33895675,0
15945801,0
40301485,0
33500709,0
30053401,0
43369523,0
1866754,0
33436720,0
33786909,0
35226758,0
98606,1
16677144,0
33773481,0
28312602,0
31295640,0
17532010,0
17212546,0
1972394,0
7376811,0
34739375,0
3808058,0
7020347,0
3812984,0
43229029,0
29684856,0
32788868,0
32272197,0
31984530,0
37240322,0
3778053,0
15161451,0
801649,1
5972727,0
30952945,0
1724538,0
24216722,0
30278069,0
32815050,0
18071116,0
31844270,0
3836874,0
16255734,0
533756,0
32050365,0
35714454,0
33649354,0
12653718,1
7135156,0
7168906,0
28966807,0
7768287,0
7908822,0
15895595,0
33341579,0
30812957,0
7163095,0
21942130,0
6143146,0
30746865,0
45640143,0
16999414,0
18278343,0
17604378,0
39827917,0
15703078,1
32568557,0
31543325,0
5901392,0
7575034,0
33934587,0
15988877,0
44796683,0
7934015,0
29725258,0
34661077,0
832854,0
1806629,0
8190617,0
35340986,0
32620569,0
6925683,0
5799186,0
16307933,0
33442791,0
20325753,0
15919829,0
25856603,0
29391868,0
16675772,1
7313402,0
12210184,0
29956315,0
16966797,0
1976299,0
33613418,0
6980731,0
7001936,0
5939117,0
8623571,0
28462255,0
14023611,0
17138194,0
1101276,0
32780466,0
5778683,0
22829605,0
2989016,0
7521032,0
36952763,0
11377249,0
4258918,0
7739810,0
4126082,0
31367399,0
32854901,0
8761118,0
30837602,0
9818214,0
34093830,0
38028997,1
18395468,0
32913009,0
33627282,1
6413183,0
34879313,0
30450095,0
24354236,0
34213342,0
16511896,1
29267523,0
418370,0
3334426,0
1117898,0
27640523,0
13346008,0
29281415,0
42820839,0
29420861,0
8192287,0
7629978,0
33508249,0
15318778,0
7921299,0
6084082,0
17519991,0
16702073,0
4082139,0
1892136,0
15236032,1
8741524,0
41610986,0
20840567,0
40610062,0
3836921,0
41936284,0
11970063,0
26013523,0
9144658,0
6081236,0
763640,0
11505953,0
30621103,0
18395377,0
32724206,0
12686841,0
5846232,0
37201927,0
15879645,0
25537162,0
37205276,0
6864832,0
42407362,0
8170219,0
19035903,0
36358368,0
7963412,0
5752877,0
8242147,0
4013563,0
16900927,0
24335712,0
5746996,0
1534849,1
29947038,0
31886638,0
4288247,0
29415040,0
15367680,0
26821330,0
12657222,0
30211626,0
33212297,0
8463049,0
17034693,0
1564774,1
17054710,0
15769194,0
33899871,0
23966642,0
45195790,0
8244886,0
1066848,0
43325969,0
2933394,0
18462594,0
32304506,0
32363727,0
7437551,0
16207306,0
29165928,0
14640910,1
27829773,0
17269075,0
30208505,0
7663735,0
31515640,0
3066533,0
5856372,0
33202924,0
4210099,0
3850328,0
4107953,0
30042048,1
17813084,0
26444478,0
30710409,0
18101001,0
45025885,0
44177542,0
15933215,0
35901506,0
34144226,1
28330398,0
31827169,0
29143117,1
10412026,0
6908991,1
17259912,0
7681619,0
5622641,0
884331,0
1493893,0
30275148,0
43219312,1
12485024,0
18403955,0
38414611,0
31616556,0
33587878,0
30243840,0
17079177,0
8614240,0
32708334,0
16728591,0
32520246,0
8183896,0
33634085,0
11717906,0
16862259,0
33143138,0
1927996,0
45216964,1
7055931,0
1035226,0
7551530,0
31816635,0
15894728,0
16309421,0
7769362,0
31289069,0
8315206,0
27274368,0
27439465,0
2114470,0
17046524,0
15784159,0
7981031,0
41626453,0
16911551,0
16432477,0
4411997,0
30424925,0
16359002,0
13735590,0
29491444,0
5995022,0
16251454,0
15656014,0
16217705,0
25882362,0
16974037,0
17233833,0
29761869,1
5839905,0
8189375,0
3912919,0
16970710,0
6919843,0
16234772,0
17300370,0
17230165,0
1717143,0
4032809,0
16154611,0
19749244,0
1704624,0
16796001,0
7030863,1
34403262,0
17188962,0
4133113,0
11582663,1
28953165,0
8047338,0
13902841,0
7280750,0
28493849,0
1414203,0
6937198,1
6870978,1
31503002,0
28767628,0
15304173,1
31464913,0
31144891,0
4470890,0
32251254,0
29019278,0
31821575,0
1872592,0
26490215,1
5703948,0
2099451,0
24549693,0
